customer_id,name,city,phone,birth_date,email
1,Jean Traoré,San-Pédro,+22533218196,1966-06-05,user1@example.com
2,Sylvie Gon,Gagnoa,+22508386379,1977-06-24,user2@example.com
3,Mohamed Bamba,Abidjan ,+22554235116,04/05/1969,user3@example.com
4,Adama Kaba,Abidjan,+22578161849,28/08/2003,user4@example.com
5,Mariam Traoré,Odienné,+22534131647,08/07/1993,user5@example.com
6,Koné Diabaté,Odienné,+22541928327,08/01/1982,user6@example.com
7,Sylvie Tia,Korhogo,+22503056413,11/06/1990,user7@example.com
8,Chantal N'Da,Odienné,+22572423884,06/07/1998,user8@example.com
9,Fanta Camara,Daloa,+22528710122,13/07/2000,user9@example.com
10,Fanta N'Da,Gagnoa,+22578480184,24/06/1999,user10@example.com
11,Ismaël Konan,abidjan,+22504828148,1992-04-26,user11@example.com
12,Mohamed Gon,Man,+22509570154,1975-09-29,user12@example.com
13,Mariam Kouassi,abidjan,+22518227824,02/09/1988,user13@example.com
14,Hervé Bamba,San-Pédro,+22565787133,16/11/1967,
15,Sylvie Nguessan,Daloa,+22501031051,1988-01-24,user15@example.com
16,Chantal Diabaté,Man,+22529973763,1969-03-26,user16@example.com
17,Koné N'Da,Abidjan ,+22570106513,1973-08-06,user17@example.com
18,Fatou N'Da,Bouaké,+22547317810,1994-04-03,user18@example.com
19,Sylvie Konan,Abidjan ,+22577360260,07/07/1982,user19@example.com
20,Dominique Ouattara,Abidjan ,+22587234309,1998-01-02,user20@example.com
21,Aïcha Traoré,Gagnoa,+22578820812,1968-01-28,user21@example.com
22,Sylvie N'Da,Yamoussoukro,+22593990916,28/06/1994,user22@example.com
23,Hervé Tia,Korhogo,+22534624751,02/06/1965,user23@example.com
24,Jean Kouassi,Man,+22538425135,1977-10-14,user24@example.com
25,Inès Nguessan,Odienné,+22580841241,1969-10-20,user25@example.com
26,Hervé Bamba,Korhogo,+22534874016,16/03/2002,
27,Yao Kaba,Bouaké,+22542786801,1968-05-17,user27@example.com
28,Koné Nguessan,Man,+22526204505,1974-06-04,user28@example.com
29,Koné Kaba,Man,+22569232260,17/01/1973,user29@example.com
30,Ismaël Kaba,Odienné,+22534216073,14/12/1973,user30@example.com
31,Sylvie Diabaté,Abidjan,+22536541458,06/12/1982,user31@example.com
32,Jean Ouattara,Bouaké,+22594019655,1984-07-29,user32@example.com
33,Hervé Ouattara,Abidjan,+22560883561,18/10/1994,user33@example.com
34,Jean Bamba,San-Pédro,+22584656482,10/08/1973,user34@example.com
35,Fanta Tia,Bouaké,+22599468044,06/06/1974,user35@example.com
36,Yao Yao,abidjan,+22573872148,12/10/1994,user36@example.com
37,Sylvie Tia,San-Pédro,+22533200379,2003-02-13,user37@example.com
38,Hervé Bamba,Abidjan ,+22576320163,21/11/1972,
39,Sylvie Kouassi,abidjan,+22527889579,24/07/2001,user39@example.com
40,Dominique Konan,abidjan,+22574348734,1984-09-24,user40@example.com
41,Sylvie Ouattara,Korhogo,+22558122362,1996-09-08,
42,Ismaël Camara,Man,+22576036690,07/06/2003,user42@example.com
43,Koné Ouattara,Abidjan ,+22568893734,20/07/1984,
44,Yao Tia,Odienné,+22562729806,1991-07-21,user44@example.com
45,Ismaël Konan,abidjan,+22520465375,21/02/1980,user45@example.com
46,Ismaël Ouattara,Yamoussoukro,+22570805310,1998-11-01,user46@example.com
47,Hervé Traoré,Gagnoa,+22523271937,18/05/1996,user47@example.com
48,Mohamed Nguessan,Gagnoa,+22512419049,21/05/1995,user48@example.com
49,Hervé Kouassi,Gagnoa,+22531491905,24/11/1988,user49@example.com
50,Mariam Gon,Odienné,+22550671657,1996-09-23,user50@example.com
51,Adama Nguessan,Man,+22577694531,06/07/1977,user51@example.com
52,Dominique Nguessan,Gagnoa,+22565075273,01/12/1980,user52@example.com
53,Adama Gon,Abidjan,+22583136783,24/12/1995,user53@example.com
54,Chantal Yao,Abidjan,+22514363495,25/03/1986,user54@example.com
55,Yao Camara,abidjan,+22544431351,1998-04-29,user55@example.com
56,Chantal Ouattara,Gagnoa,+22589413435,18/01/1973,
57,Fatou Ouattara,Abidjan,+22508427109,03/10/1977,user57@example.com
58,Yao Konan,Abidjan,+22547116719,1993-03-27,user58@example.com
59,Inès Kouassi,Daloa,+22518699938,24/01/1982,user59@example.com
60,Inès Nguessan,Abidjan ,+22549909133,1976-11-14,user60@example.com
61,Mohamed Gon,Yamoussoukro,+22520679740,21/05/1975,user61@example.com
62,Dominique Kouassi,Odienné,+22534936183,1994-01-19,user62@example.com
63,Fatou Kouassi,Abidjan,+22524994717,23/11/1995,user63@example.com
64,Adama Gon,Man,+22577190659,1976-03-26,user64@example.com
65,Koffi Kaba,Odienné,+22549027874,21/02/1973,user65@example.com
66,Chantal Kouassi,abidjan,+22556551256,13/02/1996,user66@example.com
67,Fanta Kaba,Man,+22507154516,2003-10-19,user67@example.com
68,Dominique N'Da,Abidjan,+22538597703,1976-12-24,user68@example.com
69,Dominique Bamba,abidjan,+22510932480,10/10/1989,user69@example.com
70,Jean Yao,Yamoussoukro,+22527484677,08/12/1975,user70@example.com
71,Fanta Diabaté,Gagnoa,+22582146584,2001-10-22,user71@example.com
72,Inès Nguessan,Gagnoa,+22572787558,22/03/1999,user72@example.com
73,Yao Diabaté,Daloa,+22596360576,1982-04-27,user73@example.com
74,Aïcha Konan,Man,+22595171870,1997-05-29,user74@example.com
75,Fatou Kouassi,abidjan,+22545961586,17/03/1979,user75@example.com
76,Aïcha Nguessan,Yamoussoukro,+22534316117,18/06/1972,user76@example.com
77,Aïcha Camara,Abidjan,+22545562386,1990-05-22,user77@example.com
78,Mariam Nguessan,Abidjan ,+22593792374,13/08/1985,user78@example.com
79,Dominique Ouattara,Odienné,+22582175946,20/12/1995,user79@example.com
80,Inès Diabaté,Abidjan ,+22571369594,14/05/1996,
81,Fanta Ouattara,Abidjan,+22590974395,1974-10-29,user81@example.com
82,Fatou Tia,Yamoussoukro,+22504709521,29/03/1978,user82@example.com
83,Mohamed Diabaté,Bouaké,+22585884247,06/03/2001,user83@example.com
84,Yao Kaba,Yamoussoukro,+22571236851,20/06/2000,
85,Jean Yao,Korhogo,+22549651370,16/10/1992,user85@example.com
86,Sylvie Tia,Yamoussoukro,+22574612004,1987-02-06,user86@example.com
87,Fatou N'Da,abidjan,+22558692617,13/08/1992,user87@example.com
88,Adama Traoré,Korhogo,+22537735158,04/12/1993,
89,Adama Diabaté,Yamoussoukro,+22571390053,1970-08-26,
90,Hervé Nguessan,Daloa,+22535290422,26/03/1989,user90@example.com
91,Jean Tia,Abidjan,+22520539502,1976-11-26,user91@example.com
92,Ismaël Gon,Yamoussoukro,+22517758917,1987-08-08,user92@example.com
93,Aïcha Bamba,Odienné,+22584700766,1995-10-12,user93@example.com
94,Dominique Kouassi,Yamoussoukro,+22559212499,07/08/1989,user94@example.com
95,Inès Yao,Man,+22596118367,02/04/1975,user95@example.com
96,Dominique N'Da,Abidjan ,+22515654527,1968-01-05,user96@example.com
97,Mariam N'Da,Yamoussoukro,+22552809885,1995-01-21,user97@example.com
98,Ismaël Bamba,Abidjan,+22549451983,11/12/1971,user98@example.com
99,Jean Camara,Man,+22551493689,1992-07-10,user99@example.com
100,Adama Traoré,Bouaké,+22544550229,27/06/1994,
101,Koffi Kouassi,Man,+22536675254,15/05/1997,user101@example.com
102,Mariam Traoré,Bouaké,+22529014767,26/03/1992,user102@example.com
103,Hervé Kaba,Man,+22515614978,05/12/1994,
104,Fanta Nguessan,Abidjan,+22503432445,1970-05-20,user104@example.com
105,Ismaël Konan,Bouaké,+22568388516,2003-08-29,user105@example.com
106,Dominique Kouassi,Korhogo,+22596966416,08/12/1965,user106@example.com
107,Dominique Bamba,Korhogo,+22516136968,12/07/1968,user107@example.com
108,Yao Diabaté,Korhogo,+22521818835,1980-10-01,user108@example.com
109,Fatou Ouattara,Daloa,+22529212779,01/02/1999,user109@example.com
110,Yao Tia,Korhogo,+22527177449,10/07/1967,user110@example.com
111,Inès Yao,abidjan,+22500541199,30/09/1987,user111@example.com
112,Aïcha Yao,Gagnoa,+22535978207,23/08/1969,user112@example.com
113,Mariam Gon,Odienné,+22520377889,14/02/1972,user113@example.com
114,Inès N'Da,Abidjan ,+22559051518,07/06/1995,user114@example.com
115,Fatou Camara,Yamoussoukro,+22592546291,21/11/1978,user115@example.com
116,Yao Konan,Odienné,+22581685054,1973-02-01,user116@example.com
117,Chantal Diabaté,Daloa,+22522141888,11/09/1966,user117@example.com
118,Fatou Nguessan,Abidjan ,+22522292706,1981-05-05,user118@example.com
119,Inès Kaba,abidjan,+22538347359,06/10/1984,user119@example.com
120,Fanta Gon,Man,+22562392407,1981-08-26,user120@example.com
121,Jean Ouattara,Yamoussoukro,+22524782613,20/08/2001,user121@example.com
122,Koffi N'Da,Abidjan,+22568536153,07/04/1966,user122@example.com
123,Yao Kaba,Bouaké,+22520472779,1965-03-28,
124,Hervé Konan,Man,+22598614341,1967-02-22,user124@example.com
125,Dominique Kouassi,Yamoussoukro,+22579808932,25/01/1978,
126,Koné Diabaté,Gagnoa,+22562185188,1987-10-05,user126@example.com
127,Chantal Traoré,Odienné,+22565405153,1997-11-17,user127@example.com
128,Yao Konan,Abidjan,+22558527722,31/10/1967,
129,Hervé Traoré,Daloa,+22505486874,1966-08-23,user129@example.com
130,Aïcha Tia,Korhogo,+22541566765,19/05/1973,user130@example.com
131,Koné Kaba,Man,+22541616928,07/03/1978,user131@example.com
132,Yao Tia,San-Pédro,+22547962757,25/11/1966,user132@example.com
133,Ismaël Ouattara,Odienné,+22501658202,26/01/2003,
134,Mariam Diabaté,Odienné,+22555690927,22/08/1981,user134@example.com
135,Mariam Nguessan,Bouaké,+22585654310,1998-01-01,user135@example.com
136,Fanta Gon,Yamoussoukro,+22544739473,1970-07-03,user136@example.com
137,Dominique Konan,abidjan,+22515518844,2003-03-11,user137@example.com
138,Mohamed Kaba,Korhogo,+22583132370,10/03/1981,user138@example.com
139,Fatou Nguessan,Yamoussoukro,+22514678669,1968-04-23,user139@example.com
140,Mariam Yao,abidjan,+22585289226,1987-07-23,user140@example.com
141,Fatou Ouattara,Bouaké,+22525358414,22/10/1973,user141@example.com
142,Inès Nguessan,Man,+22518299229,29/04/1997,user142@example.com
143,Aïcha Traoré,Yamoussoukro,+22509439690,05/05/1987,user143@example.com
144,Inès Yao,Daloa,+22564710276,21/09/1986,user144@example.com
145,Fatou Camara,Korhogo,+22556258815,05/11/1975,user145@example.com
146,Dominique Diabaté,Bouaké,+22510469632,29/06/2001,user146@example.com
147,Yao Diabaté,Bouaké,+22578774701,22/08/1982,user147@example.com
148,Hervé Nguessan,Korhogo,+22500479748,1965-05-14,user148@example.com
149,Adama Bamba,Korhogo,+22565060983,06/04/1981,
150,Dominique Kaba,Man,+22549912165,28/08/2000,user150@example.com
151,Koné Kaba,Bouaké,+22539868000,24/02/1971,user151@example.com
152,Dominique Konan,Gagnoa,+22582595269,02/03/1998,user152@example.com
153,Chantal Bamba,Gagnoa,+22547055169,1978-10-20,user153@example.com
154,Adama Tia,Gagnoa,+22593097289,01/10/1999,user154@example.com
155,Sylvie Traoré,Gagnoa,+22513075626,1995-12-23,user155@example.com
156,Chantal Bamba,Abidjan,+22528385786,1979-01-28,user156@example.com
157,Yao Gon,Korhogo,+22549733484,02/02/1975,user157@example.com
158,Hervé Bamba,abidjan,+22557584419,09/05/1995,user158@example.com
159,Fanta Camara,Bouaké,+22540415747,1974-08-07,user159@example.com
160,Adama Gon,San-Pédro,+22521993308,1975-02-15,
161,Ismaël Camara,abidjan,+22512082677,1994-03-08,user161@example.com
162,Inès Camara,San-Pédro,+22501938026,2002-07-29,user162@example.com
163,Aïcha N'Da,abidjan,+22524004991,12/01/1980,user163@example.com
164,Chantal Konan,Man,+22574315274,1997-03-27,
165,Yao Kaba,San-Pédro,+22593296685,22/11/1968,user165@example.com
166,Mohamed Konan,abidjan,+22553046374,15/10/1979,user166@example.com
167,Koffi Ouattara,Odienné,+22553017426,11/10/1995,user167@example.com
168,Inès Camara,Gagnoa,+22533272795,28/08/1983,user168@example.com
169,Hervé Kaba,Daloa,+22591878519,1970-01-13,user169@example.com
170,Hervé Nguessan,Man,+22522587139,1986-12-05,user170@example.com
171,Dominique Kaba,Abidjan,+22572867908,28/09/1985,user171@example.com
172,Fanta Ouattara,Abidjan,+22539106518,1967-09-15,user172@example.com
173,Chantal Traoré,San-Pédro,+22562265676,1981-11-07,user173@example.com
174,Fatou Tia,Korhogo,+22512868230,1998-12-03,user174@example.com
175,Dominique Tia,Man,+22568633752,1977-05-14,user175@example.com
176,Jean Traoré,Odienné,+22569033119,05/07/1966,user176@example.com
177,Aïcha Diabaté,Abidjan,+22567383028,1977-12-23,user177@example.com
178,Yao Nguessan,Gagnoa,+22553428364,1977-05-06,user178@example.com
179,Mohamed Tia,Odienné,+22568705685,27/03/1996,user179@example.com
180,Inès N'Da,Bouaké,+22587334270,25/03/1990,user180@example.com
181,Fatou N'Da,Daloa,+22543517518,1997-07-03,
182,Fanta Tia,Gagnoa,+22590139837,16/05/1974,user182@example.com
183,Koffi Diabaté,Daloa,+22517393638,06/06/1979,user183@example.com
184,Koné Ouattara,San-Pédro,+22558771753,18/08/1981,user184@example.com
185,Sylvie Bamba,Bouaké,+22504899642,20/10/1973,user185@example.com
186,Sylvie Yao,Man,+22554777252,13/04/1971,user186@example.com
187,Aïcha Gon,Abidjan,+22510062312,1965-05-30,user187@example.com
188,Koné Traoré,Gagnoa,+22597700886,1965-07-14,user188@example.com
189,Adama Gon,San-Pédro,+22508621182,1975-10-24,user189@example.com
190,Adama Camara,San-Pédro,+22561567933,1978-06-16,user190@example.com
191,Aïcha Kouassi,Abidjan ,+22566870021,04/06/1987,user191@example.com
192,Yao Nguessan,Yamoussoukro,+22580339740,03/05/1968,user192@example.com
193,Aïcha Konan,Korhogo,+22503926142,1990-04-19,user193@example.com
194,Fanta Tia,Man,+22556218501,1984-08-10,user194@example.com
195,Yao Nguessan,Gagnoa,+22596504773,17/12/1980,user195@example.com
196,Fanta Kouassi,Gagnoa,+22543114262,07/03/1998,user196@example.com
197,Jean Kouassi,Abidjan,+22547541212,02/05/1984,user197@example.com
198,Ismaël Kouassi,Abidjan,+22515819956,22/07/1965,user198@example.com
199,Mariam Bamba,Man,+22539826224,05/07/1978,user199@example.com
200,Mariam Konan,Abidjan ,+22546471543,04/05/1997,user200@example.com
201,Hervé Yao,Yamoussoukro,+22524065965,30/09/1984,user201@example.com
202,Fatou Ouattara,Korhogo,+22593752654,19/12/1997,user202@example.com
203,Sylvie Camara,Abidjan ,+22546519398,1973-01-26,user203@example.com
204,Dominique Bamba,Daloa,+22574167243,1976-05-02,user204@example.com
205,Fanta Kouassi,abidjan,+22597968868,26/08/1966,user205@example.com
206,Mariam Kouassi,Daloa,+22552909656,1969-10-02,user206@example.com
207,Sylvie Gon,Man,+22589937567,1999-08-25,user207@example.com
208,Koffi Yao,Yamoussoukro,+22546112545,1985-06-05,user208@example.com
209,Koné Yao,Yamoussoukro,+22577514010,03/02/2003,user209@example.com
210,Mohamed Bamba,Daloa,+22582825867,27/05/1975,user210@example.com
211,Mohamed Tia,Odienné,+22566093796,1982-06-11,user211@example.com
212,Hervé Ouattara,Yamoussoukro,+22591825537,11/02/1970,user212@example.com
213,Chantal Gon,Odienné,+22559696915,15/10/1980,user213@example.com
214,Inès Nguessan,Gagnoa,+22512513412,1981-09-30,user214@example.com
215,Ismaël Nguessan,Bouaké,+22596627828,26/06/1972,user215@example.com
216,Mohamed Camara,abidjan,+22590507236,11/03/1990,user216@example.com
217,Chantal N'Da,abidjan,+22572190340,1977-05-01,user217@example.com
218,Mohamed Kaba,abidjan,+22597881914,09/10/1999,user218@example.com
219,Aïcha Kaba,abidjan,+22583613407,15/10/1976,user219@example.com
220,Mariam Yao,Yamoussoukro,+22533959629,1971-04-01,user220@example.com
221,Aïcha Nguessan,Korhogo,+22584982544,10/09/1990,user221@example.com
222,Jean Konan,Abidjan ,+22504223253,27/02/1999,user222@example.com
223,Adama Tia,Abidjan ,+22567116845,25/05/1985,user223@example.com
224,Koffi Kaba,Yamoussoukro,+22575186363,12/03/1987,user224@example.com
225,Inès Camara,Man,+22592975001,02/02/1993,
226,Mohamed Yao,abidjan,+22506324241,13/05/1994,user226@example.com
227,Koné Tia,Odienné,+22520643611,1965-01-18,user227@example.com
228,Fatou Nguessan,Daloa,+22587005162,1986-06-06,user228@example.com
229,Mariam Bamba,Yamoussoukro,+22515542622,1968-01-26,user229@example.com
230,Mohamed Yao,Korhogo,+22532697311,1971-04-13,user230@example.com
231,Fanta Camara,Abidjan ,+22552341389,01/12/1991,user231@example.com
232,Koffi Tia,San-Pédro,+22538983640,2000-02-28,user232@example.com
233,Jean Diabaté,abidjan,+22591805526,13/08/2003,user233@example.com
234,Mohamed Kaba,abidjan,+22510910430,18/09/1967,user234@example.com
235,Ismaël N'Da,Abidjan ,+22518892414,1968-07-18,user235@example.com
236,Fatou Gon,Korhogo,+22569146303,13/11/1968,user236@example.com
237,Aïcha Ouattara,Odienné,+22521020275,17/06/1988,user237@example.com
238,Fatou Bamba,San-Pédro,+22510564814,1996-12-14,user238@example.com
239,Koné Traoré,abidjan,+22592524191,1975-04-01,
240,Koffi Diabaté,Abidjan,+22575622086,27/01/1975,user240@example.com
241,Yao Ouattara,Yamoussoukro,+22595180238,23/01/1967,
242,Dominique Ouattara,San-Pédro,+22551870534,17/04/1990,user242@example.com
243,Sylvie Yao,Korhogo,+22597383206,1966-01-27,user243@example.com
244,Koffi Camara,Abidjan,+22564138367,1967-09-09,user244@example.com
245,Mariam Traoré,Daloa,+22586571918,28/12/1970,
246,Aïcha N'Da,Odienné,+22523445655,23/04/1985,user246@example.com
247,Hervé Konan,Gagnoa,+22512127756,02/06/1970,user247@example.com
248,Hervé Yao,San-Pédro,+22574112490,24/08/1974,user248@example.com
249,Sylvie Camara,Abidjan ,+22580442067,1989-12-09,user249@example.com
250,Jean Kaba,Bouaké,+22510032365,1995-10-15,user250@example.com
251,Adama Kouassi,Abidjan,+22513721510,1985-09-05,user251@example.com
252,Ismaël Bamba,Abidjan ,+22570662532,03/05/1977,user252@example.com
253,Fatou Traoré,Gagnoa,+22599347687,1967-09-27,user253@example.com
254,Fatou N'Da,Daloa,+22583806578,21/01/2000,user254@example.com
255,Yao N'Da,San-Pédro,+22520593040,10/04/2001,user255@example.com
256,Sylvie Konan,Yamoussoukro,+22533480396,1980-12-01,user256@example.com
257,Yao Kaba,Korhogo,+22590599293,14/07/2002,user257@example.com
258,Mohamed Yao,Abidjan,+22510393087,12/01/1965,user258@example.com
259,Hervé Kaba,Bouaké,+22552500292,1999-09-27,user259@example.com
260,Koné Kouassi,Korhogo,+22569154522,07/11/1997,user260@example.com
261,Chantal Tia,Korhogo,+22528953926,06/10/1978,user261@example.com
262,Koffi Bamba,Gagnoa,+22569029593,1993-09-10,user262@example.com
263,Fatou Camara,Yamoussoukro,+22535521570,1976-11-24,user263@example.com
264,Mariam Camara,San-Pédro,+22510067626,13/02/1987,user264@example.com
265,Fanta Kouassi,abidjan,+22593271040,19/04/1979,user265@example.com
266,Mariam Camara,Bouaké,+22562181599,1986-08-28,user266@example.com
267,Mohamed Nguessan,Abidjan ,+22520153368,22/05/1997,user267@example.com
268,Inès Diabaté,Yamoussoukro,+22506987205,04/03/1965,user268@example.com
269,Chantal Diabaté,Yamoussoukro,+22503241714,17/03/2000,user269@example.com
270,Adama Kouassi,Odienné,+22586256527,02/01/1967,user270@example.com
271,Adama Diabaté,San-Pédro,+22590211586,1998-12-07,user271@example.com
272,Fanta Gon,Abidjan ,+22587937416,2003-04-22,user272@example.com
273,Fatou Kouassi,abidjan,+22522332061,24/08/1995,user273@example.com
274,Fatou Nguessan,San-Pédro,+22551168685,05/06/2003,user274@example.com
275,Koffi Kaba,Gagnoa,+22598616229,1991-05-17,user275@example.com
276,Jean Kaba,San-Pédro,+22585646799,1986-03-22,user276@example.com
277,Fanta Konan,Gagnoa,+22596065307,18/01/1977,
278,Inès Ouattara,San-Pédro,+22571324754,10/09/1997,user278@example.com
279,Mariam Diabaté,abidjan,+22536785082,12/12/1967,user279@example.com
280,Fanta Konan,Man,+22590233030,1985-06-23,user280@example.com
281,Hervé Ouattara,Korhogo,+22578610357,25/08/1991,user281@example.com
282,Chantal Nguessan,Man,+22555241406,1967-03-25,user282@example.com
283,Hervé Diabaté,Odienné,+22533468007,1970-12-08,user283@example.com
284,Koffi Diabaté,San-Pédro,+22594466574,16/10/1974,user284@example.com
285,Fanta Nguessan,Yamoussoukro,+22508589944,1995-09-14,user285@example.com
286,Yao Ouattara,Odienné,+22554443283,20/07/1967,user286@example.com
287,Fatou Bamba,Abidjan,+22574466609,1996-10-06,user287@example.com
288,Sylvie Tia,Man,+22575842824,19/05/1969,user288@example.com
289,Adama Bamba,Man,+22525135346,09/05/2000,user289@example.com
290,Inès Yao,Yamoussoukro,+22570999173,1987-06-14,user290@example.com
291,Fanta Gon,San-Pédro,+22560223569,1985-07-11,user291@example.com
292,Mohamed Kaba,Yamoussoukro,+22575250074,1974-05-24,user292@example.com
293,Mohamed Yao,Yamoussoukro,+22529666676,1965-03-18,user293@example.com
294,Koné Traoré,Korhogo,+22583003354,1970-10-14,user294@example.com
295,Inès Konan,Yamoussoukro,+22504478985,1984-06-15,user295@example.com
296,Chantal Camara,Daloa,+22526033230,1991-06-15,user296@example.com
297,Aïcha N'Da,Odienné,+22548909010,1967-03-02,user297@example.com
298,Fanta Kouassi,Man,+22547230461,20/09/1994,user298@example.com
299,Fatou N'Da,Yamoussoukro,+22589141173,1992-04-26,user299@example.com
300,Hervé Camara,Abidjan ,+22542087375,1975-07-10,
301,Mariam Kouassi,Gagnoa,+22572181143,28/06/1985,user301@example.com
302,Aïcha Kouassi,Bouaké,+22504556110,1965-06-08,user302@example.com
303,Mohamed Camara,Korhogo,+22579415521,24/12/1982,user303@example.com
304,Adama N'Da,abidjan,+22562120216,02/07/1991,user304@example.com
305,Dominique Konan,Gagnoa,+22565902771,14/06/1983,
306,Adama Tia,Korhogo,+22508993588,1995-11-16,user306@example.com
307,Sylvie Yao,Korhogo,+22562890028,29/01/2003,user307@example.com
308,Mohamed Kouassi,abidjan,+22553540838,10/11/1993,user308@example.com
309,Sylvie Kouassi,abidjan,+22579717751,1987-04-24,user309@example.com
310,Ismaël Traoré,Man,+22580199488,13/04/1974,user310@example.com
311,Koné Traoré,Daloa,+22575899757,1970-02-12,user311@example.com
312,Sylvie Traoré,Korhogo,+22554885102,1987-02-02,user312@example.com
313,Ismaël Kouassi,San-Pédro,+22593316373,25/02/1997,user313@example.com
314,Ismaël Traoré,Odienné,+22591779827,1965-03-13,user314@example.com
315,Ismaël Nguessan,abidjan,+22582922169,11/03/1992,user315@example.com
316,Fanta N'Da,Gagnoa,+22534654722,08/07/1983,user316@example.com
317,Yao Bamba,Man,+22533394522,09/08/1987,user317@example.com
318,Koné Gon,abidjan,+22599684608,1969-10-11,user318@example.com
319,Aïcha Tia,Abidjan,+22534244204,1974-02-25,user319@example.com
320,Dominique Kouassi,Gagnoa,+22583863840,12/02/1982,user320@example.com
321,Yao Gon,Abidjan,+22504397359,1989-07-09,user321@example.com
322,Hervé Ouattara,abidjan,+22521228160,22/03/1984,user322@example.com
323,Fatou Konan,Gagnoa,+22540572025,1991-10-11,user323@example.com
324,Inès Yao,Gagnoa,+22585158328,1968-01-23,user324@example.com
325,Fanta Kouassi,Korhogo,+22533555439,18/10/1988,user325@example.com
326,Koffi Kouassi,Odienné,+22557399305,1982-02-09,user326@example.com
327,Inès Traoré,Man,+22558877043,1979-05-16,user327@example.com
328,Mohamed Kaba,Man,+22580133613,14/02/1989,user328@example.com
329,Mariam Bamba,Odienné,+22520750110,26/12/1972,user329@example.com
330,Sylvie Ouattara,Abidjan ,+22567665061,1988-12-28,user330@example.com
331,Mariam Kaba,Gagnoa,+22501581449,18/11/1968,user331@example.com
332,Dominique N'Da,Abidjan ,+22507283268,1978-03-26,user332@example.com
333,Koné Traoré,Man,+22582100996,1989-02-04,user333@example.com
334,Koné Diabaté,Abidjan ,+22582223943,1970-02-21,user334@example.com
335,Aïcha Kaba,Man,+22578141413,20/07/1997,user335@example.com
336,Koné Konan,Odienné,+22531491357,20/03/1985,user336@example.com
337,Inès Bamba,Gagnoa,+22529955620,1979-01-19,user337@example.com
338,Ismaël Ouattara,Korhogo,+22525777547,1989-09-30,user338@example.com
339,Mariam Ouattara,Bouaké,+22583411080,15/06/2001,user339@example.com
340,Hervé Traoré,Man,+22548872563,21/08/1999,user340@example.com
341,Mariam N'Da,Korhogo,+22580392827,1972-02-22,user341@example.com
342,Fatou Bamba,abidjan,+22550373145,1975-07-02,user342@example.com
343,Koné N'Da,abidjan,+22570051844,1990-12-16,user343@example.com
344,Fanta Camara,Gagnoa,+22518463865,29/08/2001,user344@example.com
345,Chantal Nguessan,Abidjan,+22582723184,1974-06-28,user345@example.com
346,Koné Nguessan,Yamoussoukro,+22536517773,1991-07-03,user346@example.com
347,Ismaël Traoré,Daloa,+22502992280,1990-09-03,
348,Adama Konan,Man,+22569904137,17/03/1992,user348@example.com
349,Mohamed Diabaté,Abidjan ,+22592929842,27/06/1997,user349@example.com
350,Mariam Diabaté,Abidjan ,+22562103886,2002-01-28,user350@example.com
351,Mohamed Yao,Gagnoa,+22590881172,1992-01-27,user351@example.com
352,Ismaël Gon,Abidjan ,+22550863765,1991-06-04,user352@example.com
353,Adama Yao,Daloa,+22514986430,1996-10-23,user353@example.com
354,Jean Gon,Abidjan,+22563565126,25/03/1994,user354@example.com
355,Ismaël Nguessan,Korhogo,+22594636887,07/01/1973,user355@example.com
356,Chantal Ouattara,San-Pédro,+22595621372,1969-07-01,user356@example.com
357,Yao Kaba,Man,+22590260127,05/12/1991,user357@example.com
358,Adama Diabaté,Korhogo,+22519066984,1996-12-02,user358@example.com
359,Mohamed Tia,abidjan,+22570384309,1987-11-26,user359@example.com
360,Aïcha Camara,Daloa,+22502146566,1991-04-17,user360@example.com
361,Mariam Kouassi,Man,+22548955439,23/09/1973,user361@example.com
362,Koffi Ouattara,Bouaké,+22568181845,02/04/1970,user362@example.com
363,Adama Bamba,abidjan,+22569735779,2003-09-02,user363@example.com
364,Adama Kouassi,Abidjan ,+22533565880,09/06/1996,user364@example.com
365,Mariam N'Da,Odienné,+22551827553,26/09/1990,user365@example.com
366,Hervé Yao,Daloa,+22533433339,1980-12-21,user366@example.com
367,Jean Kouassi,Odienné,+22579080759,24/02/1979,user367@example.com
368,Adama Yao,Bouaké,+22584639208,08/11/2000,user368@example.com
369,Aïcha Gon,Korhogo,+22562718750,1965-07-13,user369@example.com
370,Jean Camara,Korhogo,+22594284347,02/07/1992,user370@example.com
371,Chantal N'Da,Daloa,+22565564729,1970-11-19,user371@example.com
372,Adama Kaba,Daloa,+22586632270,03/12/1972,user372@example.com
373,Yao Kaba,abidjan,+22544890612,1967-09-11,user373@example.com
374,Chantal Tia,Yamoussoukro,+22575455884,1980-06-09,user374@example.com
375,Koné Tia,Gagnoa,+22539982455,14/03/1995,user375@example.com
376,Dominique Kouassi,Abidjan ,+22594722569,23/08/1990,user376@example.com
377,Mariam Kouassi,Bouaké,+22553554496,03/03/1977,user377@example.com
378,Koné Bamba,Gagnoa,+22587622023,12/09/1994,user378@example.com
379,Mariam Diabaté,Bouaké,+22561117800,01/08/1999,user379@example.com
380,Mariam Kouassi,San-Pédro,+22592164334,1984-11-17,user380@example.com
381,Mohamed Traoré,Abidjan,+22555778487,1971-01-23,user381@example.com
382,Dominique Tia,Odienné,+22596884578,1975-03-11,user382@example.com
383,Koné N'Da,San-Pédro,+22524008254,1986-01-18,user383@example.com
384,Chantal Kaba,abidjan,+22540649308,1981-10-05,user384@example.com
385,Ismaël N'Da,Daloa,+22526634163,05/03/1988,user385@example.com
386,Adama N'Da,Daloa,+22512241797,17/03/1977,user386@example.com
387,Koffi Konan,Abidjan,+22580214427,1997-08-13,user387@example.com
388,Fatou Traoré,abidjan,+22535647570,1979-10-25,user388@example.com
389,Fatou Traoré,San-Pédro,+22561872346,2002-02-26,user389@example.com
390,Sylvie N'Da,abidjan,+22530371837,16/06/1982,user390@example.com
391,Mohamed Tia,Abidjan,+22588147435,1967-05-04,user391@example.com
392,Sylvie Tia,Abidjan ,+22550249163,1965-05-27,user392@example.com
393,Chantal Bamba,Gagnoa,+22525132719,1980-03-07,
394,Fatou Bamba,Man,+22512735857,1997-11-21,
395,Fanta Camara,Bouaké,+22540778487,1973-07-07,user395@example.com
396,Yao Bamba,abidjan,+22549821827,07/04/1978,user396@example.com
397,Dominique Traoré,Odienné,+22586209593,1979-05-22,user397@example.com
398,Fanta Diabaté,Man,+22578294565,1969-12-15,user398@example.com
399,Mariam Traoré,Bouaké,+22520317310,13/08/1990,user399@example.com
400,Adama Traoré,Korhogo,+22539103717,2000-12-06,user400@example.com
401,Ismaël Camara,Abidjan,+22594801413,1988-04-21,user401@example.com
402,Sylvie Gon,Abidjan ,+22533839288,1983-08-17,user402@example.com
403,Koné Tia,abidjan,+22561228685,1994-07-01,user403@example.com
404,Dominique Camara,Korhogo,+22585566593,1990-04-06,user404@example.com
405,Adama Camara,abidjan,+22576004908,23/01/1971,
406,Sylvie Diabaté,Korhogo,+22504888992,1969-03-25,user406@example.com
407,Fatou Konan,San-Pédro,+22559334419,1982-12-08,user407@example.com
408,Yao Kaba,abidjan,+22527919409,1982-02-12,user408@example.com
409,Yao Camara,Abidjan ,+22561390604,1988-07-10,user409@example.com
410,Fatou Camara,Man,+22532067998,1969-01-15,user410@example.com
411,Fanta Konan,Bouaké,+22551790864,25/10/1968,user411@example.com
412,Fatou Kaba,Bouaké,+22578376938,1992-08-19,user412@example.com
413,Adama Kaba,Abidjan ,+22559116655,18/07/1973,user413@example.com
414,Koffi Kaba,San-Pédro,+22525979270,2001-09-13,user414@example.com
415,Koné Konan,Yamoussoukro,+22510392405,1996-02-15,user415@example.com
416,Chantal Traoré,Korhogo,+22538338848,1986-09-01,user416@example.com
417,Koffi N'Da,Gagnoa,+22580420439,1977-03-03,user417@example.com
418,Koffi Kouassi,Abidjan ,+22545104636,1987-10-24,user418@example.com
419,Chantal Nguessan,Man,+22512387800,06/02/1976,user419@example.com
420,Fanta Bamba,Bouaké,+22505554384,2001-06-03,user420@example.com
421,Fanta Traoré,Man,+22543256216,1988-05-11,user421@example.com
422,Fatou N'Da,San-Pédro,+22595782329,1989-04-14,user422@example.com
423,Inès Bamba,Man,+22526292518,1988-11-28,user423@example.com
424,Fatou Bamba,Abidjan,+22556647423,1969-10-16,user424@example.com
425,Adama Nguessan,Gagnoa,+22593933051,14/11/1995,user425@example.com
426,Chantal Bamba,Odienné,+22552677223,1975-02-25,user426@example.com
427,Koffi Ouattara,Abidjan ,+22533312797,09/11/1995,user427@example.com
428,Sylvie N'Da,Abidjan ,+22509656999,1989-01-19,user428@example.com
429,Dominique Yao,Abidjan,+22538860868,1999-04-29,user429@example.com
430,Dominique N'Da,San-Pédro,+22547264908,20/05/1971,user430@example.com
431,Dominique Kouassi,Man,+22512982665,1985-03-24,user431@example.com
432,Hervé Yao,Yamoussoukro,+22545211175,29/10/1968,user432@example.com
433,Mohamed N'Da,Man,+22560259222,1973-01-09,user433@example.com
434,Inès Bamba,abidjan,+22542123094,20/07/1965,user434@example.com
435,Chantal Gon,Abidjan,+22597339776,1984-10-27,user435@example.com
436,Koffi Diabaté,Man,+22549830220,22/04/1994,
437,Aïcha Tia,Gagnoa,+22594510162,28/03/1972,user437@example.com
438,Mohamed Yao,Gagnoa,+22550145561,09/01/1999,user438@example.com
439,Mariam Ouattara,abidjan,+22521458683,1996-03-19,user439@example.com
440,Jean Nguessan,Odienné,+22581794695,25/08/1976,user440@example.com
441,Chantal Gon,Odienné,+22577293430,1970-04-21,user441@example.com
442,Jean Bamba,Daloa,+22596605583,1965-07-05,user442@example.com
443,Adama Kaba,Yamoussoukro,+22544885015,24/04/1980,user443@example.com
444,Koffi Konan,Daloa,+22555770272,19/02/1993,user444@example.com
445,Yao Yao,Abidjan ,+22508495880,06/05/1974,user445@example.com
446,Koné Kouassi,Bouaké,+22540568299,1982-06-23,user446@example.com
447,Inès Bamba,Korhogo,+22504617357,17/03/2002,user447@example.com
448,Inès Konan,Yamoussoukro,+22550317807,1987-06-07,user448@example.com
449,Chantal Bamba,Man,+22545218230,10/08/1985,user449@example.com
450,Jean Traoré,San-Pédro,+22509157018,16/05/1999,
451,Inès Tia,Daloa,+22553344857,1995-02-08,user451@example.com
452,Mohamed Ouattara,Yamoussoukro,+22509881385,23/08/1989,user452@example.com
453,Inès Nguessan,Daloa,+22521495870,1970-11-02,user453@example.com
454,Aïcha Kouassi,Abidjan ,+22501662997,24/08/1992,user454@example.com
455,Hervé Bamba,Odienné,+22581792171,09/06/1985,user455@example.com
456,Dominique Yao,Daloa,+22532945625,20/05/2000,user456@example.com
457,Koffi Kouassi,abidjan,+22515772459,1990-10-12,user457@example.com
458,Fanta Bamba,Yamoussoukro,+22558148769,1983-07-19,user458@example.com
459,Mohamed Yao,Abidjan ,+22515396695,1989-06-05,user459@example.com
460,Mariam Bamba,Gagnoa,+22571997581,16/11/2001,user460@example.com
461,Fanta Kouassi,Gagnoa,+22519657013,2001-08-26,user461@example.com
462,Koffi Kaba,Bouaké,+22527846997,1973-10-11,user462@example.com
463,Yao Ouattara,Gagnoa,+22546519098,1983-02-18,user463@example.com
464,Aïcha Camara,Man,+22500851403,14/05/1984,user464@example.com
465,Fanta N'Da,Abidjan ,+22568327238,03/04/1982,user465@example.com
466,Fatou Ouattara,Odienné,+22522010276,1971-02-03,user466@example.com
467,Ismaël Yao,Gagnoa,+22569278687,05/04/1982,user467@example.com
468,Ismaël Nguessan,Abidjan,+22597384689,1981-06-18,user468@example.com
469,Chantal Bamba,Korhogo,+22519712847,1988-03-10,user469@example.com
470,Mariam Diabaté,abidjan,+22518949058,1999-12-04,user470@example.com
471,Chantal Nguessan,Korhogo,+22565442094,11/08/1997,
472,Chantal Nguessan,Bouaké,+22590490471,1970-09-09,user472@example.com
473,Adama Ouattara,Bouaké,+22594440192,1991-07-19,user473@example.com
474,Koné Kaba,Bouaké,+22543728051,1971-07-05,user474@example.com
475,Ismaël Kaba,Abidjan ,+22537239504,1998-11-21,
476,Dominique N'Da,abidjan,+22547836674,07/07/1971,
477,Dominique N'Da,Odienné,+22558018569,02/04/1994,user477@example.com
478,Adama Kaba,Yamoussoukro,+22549673938,1980-02-20,user478@example.com
479,Koffi Tia,Abidjan,+22510618175,04/11/1974,user479@example.com
480,Aïcha Traoré,Gagnoa,+22510939111,2003-06-02,user480@example.com
481,Mohamed Kouassi,Bouaké,+22544717465,1976-07-18,user481@example.com
482,Adama Kaba,Abidjan,+22566504427,12/02/1968,user482@example.com
483,Hervé Nguessan,Abidjan ,+22527128639,1993-11-10,user483@example.com
484,Adama Kouassi,Abidjan,+22511947072,1994-04-15,user484@example.com
485,Fanta Ouattara,Bouaké,+22556908776,1983-02-13,user485@example.com
486,Koffi N'Da,abidjan,+22519855460,1993-05-13,user486@example.com
487,Yao Kouassi,abidjan,+22543280634,20/03/1996,user487@example.com
488,Koné Yao,Yamoussoukro,+22573203093,12/12/1986,
489,Inès Yao,Man,+22570050506,1970-04-21,user489@example.com
490,Dominique Tia,Man,+22529310270,1986-02-20,user490@example.com
491,Fatou Traoré,Bouaké,+22504179291,2001-09-07,user491@example.com
492,Sylvie Kouassi,Daloa,+22565651982,1979-06-05,user492@example.com
493,Mohamed Camara,Yamoussoukro,+22514262582,1984-09-05,user493@example.com
494,Aïcha Konan,Yamoussoukro,+22596207100,1973-01-18,user494@example.com
495,Inès N'Da,abidjan,+22523248763,1972-10-30,user495@example.com
496,Chantal Nguessan,Yamoussoukro,+22545608331,1988-10-13,user496@example.com
497,Sylvie Yao,Odienné,+22534031277,1972-11-28,user497@example.com
498,Aïcha Traoré,Odienné,+22554364597,1966-12-11,user498@example.com
499,Mohamed Konan,Abidjan,+22578113799,16/08/1979,user499@example.com
500,Yao Diabaté,Yamoussoukro,+22553136363,19/04/1968,user500@example.com
501,Aïcha N'Da,Bouaké,+22539726527,1997-04-16,user501@example.com
502,Adama Diabaté,Korhogo,+22520904217,28/07/1985,user502@example.com
503,Yao Diabaté,San-Pédro,+22592929831,21/06/1983,user503@example.com
504,Hervé Nguessan,abidjan,+22574063356,1990-12-29,user504@example.com
505,Fatou Nguessan,Abidjan,+22560078068,09/09/1982,user505@example.com
506,Jean Yao,abidjan,+22531806325,1978-04-09,user506@example.com
507,Mariam Traoré,abidjan,+22542799077,1999-08-16,user507@example.com
508,Fanta Konan,Korhogo,+22570165804,08/02/1984,user508@example.com
509,Hervé Kaba,Odienné,+22519508501,07/03/1982,user509@example.com
510,Aïcha Camara,Korhogo,+22528183253,1989-03-17,user510@example.com
511,Hervé Kaba,Daloa,+22555486401,22/09/1981,user511@example.com
512,Jean Yao,Man,+22584795137,1968-12-01,user512@example.com
513,Mohamed Ouattara,Yamoussoukro,+22512412723,1988-05-10,user513@example.com
514,Fatou Yao,Korhogo,+22567043103,15/06/2002,user514@example.com
515,Yao Tia,Odienné,+22557988774,1990-06-12,user515@example.com
516,Inès Konan,San-Pédro,+22537540254,1985-06-14,user516@example.com
517,Mohamed Bamba,Man,+22542222310,1979-03-16,user517@example.com
518,Koné Konan,Daloa,+22580552578,17/04/1972,user518@example.com
519,Koffi N'Da,abidjan,+22527520885,13/01/1994,user519@example.com
520,Inès Kaba,Gagnoa,+22529751702,1995-06-01,user520@example.com
521,Fanta Nguessan,Daloa,+22575150939,1988-08-13,user521@example.com
522,Adama Diabaté,Abidjan,+22518718637,1979-04-04,user522@example.com
523,Koné N'Da,Bouaké,+22565650455,27/10/1978,user523@example.com
524,Mariam Diabaté,abidjan,+22567426629,1991-10-28,user524@example.com
525,Inès Yao,Man,+22551961064,1983-08-06,user525@example.com
526,Fatou Diabaté,Bouaké,+22564870494,02/03/1987,user526@example.com
527,Koffi Konan,San-Pédro,+22547146273,1966-04-12,user527@example.com
528,Chantal Kouassi,Gagnoa,+22559796471,1981-09-28,user528@example.com
529,Mohamed Nguessan,Abidjan,+22525725204,15/03/1981,user529@example.com
530,Koné Traoré,San-Pédro,+22548183219,1998-10-06,user530@example.com
531,Yao Tia,San-Pédro,+22545189520,22/02/1971,user531@example.com
532,Chantal N'Da,Korhogo,+22521328338,1992-07-08,user532@example.com
533,Mariam Kouassi,Bouaké,+22507545279,19/06/1988,user533@example.com
534,Inès Traoré,Yamoussoukro,+22532234232,11/07/1968,user534@example.com
535,Jean Kouassi,Abidjan,+22576031089,30/08/1967,user535@example.com
536,Adama Traoré,Yamoussoukro,+22540119393,16/04/1973,
537,Fatou Bamba,San-Pédro,+22595528938,1990-07-31,user537@example.com
538,Koffi Gon,Daloa,+22534280138,10/03/2003,user538@example.com
539,Mohamed Yao,Odienné,+22512566383,1983-04-14,user539@example.com
540,Yao Kouassi,abidjan,+22518275480,09/09/1968,user540@example.com
541,Fanta Ouattara,abidjan,+22594738646,1973-06-21,user541@example.com
542,Chantal Tia,Korhogo,+22520716781,1970-05-08,user542@example.com
543,Jean Bamba,Bouaké,+22515353961,13/06/1975,user543@example.com
544,Adama Kaba,Gagnoa,+22594657967,11/12/1987,user544@example.com
545,Dominique Kouassi,Yamoussoukro,+22547732010,2002-03-31,user545@example.com
546,Koffi Konan,Abidjan ,+22595249911,28/08/1994,user546@example.com
547,Hervé Ouattara,Odienné,+22577848588,1965-10-17,user547@example.com
548,Jean N'Da,abidjan,+22556770028,31/07/1994,user548@example.com
549,Mohamed Yao,Abidjan ,+22524671978,30/09/1995,user549@example.com
550,Mohamed Gon,Abidjan,+22564796954,1979-05-18,
551,Aïcha Konan,Korhogo,+22559056165,12/01/1981,user551@example.com
552,Sylvie Diabaté,Daloa,+22549114152,19/11/1965,
553,Ismaël Nguessan,Man,+22564079056,02/08/1990,user553@example.com
554,Jean Kaba,abidjan,+22513578529,09/06/1978,user554@example.com
555,Hervé Yao,Odienné,+22518344049,1983-01-13,user555@example.com
556,Mariam Bamba,Gagnoa,+22519541987,1984-02-28,user556@example.com
557,Mariam Tia,San-Pédro,+22584685366,09/04/1976,user557@example.com
558,Mohamed Traoré,Odienné,+22582973748,15/04/2001,user558@example.com
559,Aïcha Gon,Daloa,+22557232466,1979-04-18,user559@example.com
560,Ismaël Ouattara,San-Pédro,+22524936312,1973-08-11,user560@example.com
561,Inès Yao,abidjan,+22586603242,23/04/1966,user561@example.com
562,Adama Tia,Man,+22520700159,1978-05-15,user562@example.com
563,Ismaël Camara,Odienné,+22516231981,31/05/1988,user563@example.com
564,Mariam Diabaté,Gagnoa,+22515596363,1971-06-22,user564@example.com
565,Adama Yao,Abidjan ,+22549078515,25/06/1989,user565@example.com
566,Sylvie Ouattara,Bouaké,+22557540900,1995-12-26,user566@example.com
567,Fanta Ouattara,Odienné,+22551837606,18/06/1976,user567@example.com
568,Sylvie Ouattara,Daloa,+22527560417,18/02/1986,user568@example.com
569,Yao Bamba,Abidjan ,+22512481569,17/09/1997,user569@example.com
570,Koffi Kaba,Abidjan,+22527206345,1990-10-31,user570@example.com
571,Sylvie Gon,Odienné,+22529657724,13/10/1972,user571@example.com
572,Hervé Kouassi,Abidjan ,+22552669300,1990-01-20,user572@example.com
573,Dominique Diabaté,San-Pédro,+22520696942,30/12/1968,user573@example.com
574,Jean Traoré,Man,+22567713334,01/12/1977,user574@example.com
575,Ismaël Diabaté,Gagnoa,+22534362620,07/01/1978,user575@example.com
576,Dominique Diabaté,Korhogo,+22597107256,1995-10-24,user576@example.com
577,Ismaël Bamba,Gagnoa,+22541180053,15/02/1986,user577@example.com
578,Aïcha Traoré,San-Pédro,+22589646528,1966-11-05,user578@example.com
579,Chantal Camara,abidjan,+22521586241,1979-01-20,user579@example.com
580,Chantal Ouattara,Korhogo,+22564494856,27/05/1972,user580@example.com
581,Chantal Kaba,Bouaké,+22587032032,11/08/1966,user581@example.com
582,Dominique N'Da,Yamoussoukro,+22570758777,1970-01-18,user582@example.com
583,Mariam Diabaté,San-Pédro,+22522849939,1965-03-09,user583@example.com
584,Mariam Diabaté,abidjan,+22515041659,04/10/1969,user584@example.com
585,Mariam Yao,Odienné,+22577490509,29/04/1985,user585@example.com
586,Fatou Diabaté,Abidjan,+22545018961,22/11/1982,user586@example.com
587,Fanta Kouassi,Abidjan,+22532664214,08/01/1987,user587@example.com
588,Inès Tia,Gagnoa,+22525158377,30/05/1982,user588@example.com
589,Ismaël Kouassi,Abidjan ,+22559266108,01/05/1980,user589@example.com
590,Fatou Yao,Man,+22581476174,1971-09-01,user590@example.com
591,Inès Diabaté,Man,+22564908108,30/10/1969,user591@example.com
592,Dominique Tia,Gagnoa,+22545491801,21/03/1998,user592@example.com
593,Mohamed N'Da,Abidjan,+22516459779,28/03/2001,user593@example.com
594,Mohamed Diabaté,Bouaké,+22519416800,1982-09-19,
595,Chantal Yao,Abidjan ,+22597499564,1968-12-06,user595@example.com
596,Hervé Kouassi,Abidjan,+22530372368,1973-07-25,user596@example.com
597,Dominique Konan,abidjan,+22560122777,18/11/1965,user597@example.com
598,Hervé Ouattara,Gagnoa,+22560501667,24/01/1998,
599,Fanta Yao,Man,+22599730806,09/11/1990,user599@example.com
600,Adama Tia,Abidjan ,+22571795760,28/03/1972,user600@example.com
601,Chantal Camara,abidjan,+22538395972,28/02/1978,user601@example.com
602,Koné Kaba,abidjan,+22529341722,1973-12-13,user602@example.com
603,Jean Kaba,Abidjan ,+22574338005,13/09/1976,user603@example.com
604,Mohamed Gon,Abidjan,+22515619318,20/01/1975,user604@example.com
605,Yao Kaba,Korhogo,+22508428910,22/08/1984,user605@example.com
606,Jean Kouassi,Gagnoa,+22591808121,20/03/1974,user606@example.com
607,Inès Bamba,abidjan,+22587125521,2003-01-25,user607@example.com
608,Ismaël Kaba,Abidjan,+22537548214,15/09/1981,user608@example.com
609,Sylvie Konan,Man,+22563266678,23/08/2000,user609@example.com
610,Dominique Konan,Abidjan,+22581155626,05/10/1967,user610@example.com
611,Fatou Nguessan,Abidjan,+22584668455,10/05/1965,user611@example.com
612,Fatou Bamba,Abidjan ,+22573899756,1999-10-14,user612@example.com
613,Mariam Traoré,Man,+22556288431,15/12/1987,user613@example.com
614,Mohamed Traoré,Abidjan,+22589434681,1997-11-01,user614@example.com
615,Adama Tia,Man,+22551017490,30/04/1985,user615@example.com
616,Sylvie Camara,San-Pédro,+22549268315,1988-03-02,user616@example.com
617,Koné Yao,Yamoussoukro,+22526611062,1986-05-13,user617@example.com
618,Koné Tia,Man,+22569886497,20/07/1993,user618@example.com
619,Chantal Bamba,Abidjan ,+22522827728,2003-09-22,user619@example.com
620,Dominique Yao,Abidjan,+22528519611,31/07/1981,
621,Fatou Kouassi,Korhogo,+22545447022,28/02/2000,
622,Inès Ouattara,Daloa,+22527018510,25/09/1983,user622@example.com
623,Dominique Camara,Abidjan ,+22579228777,07/09/1971,user623@example.com
624,Ismaël N'Da,Daloa,+22565807412,1996-09-21,user624@example.com
625,Inès Gon,Odienné,+22518139890,1990-07-31,user625@example.com
626,Koffi Kouassi,Odienné,+22582043397,18/10/1968,user626@example.com
627,Aïcha Yao,Abidjan,+22556260856,1976-07-15,user627@example.com
628,Jean Gon,Bouaké,+22542241246,1995-06-11,
629,Yao Konan,Abidjan,+22504615265,27/07/1976,user629@example.com
630,Jean Traoré,Daloa,+22539937886,01/03/1970,
631,Dominique Gon,Abidjan ,+22517063048,1991-04-18,user631@example.com
632,Fatou Ouattara,Gagnoa,+22567183258,1972-07-18,user632@example.com
633,Ismaël Gon,abidjan,+22500794200,19/08/1986,user633@example.com
634,Fanta Camara,Odienné,+22539840289,20/02/1968,user634@example.com
635,Jean Konan,Man,+22546398554,07/10/1998,user635@example.com
636,Yao Camara,Daloa,+22579502097,1965-03-12,user636@example.com
637,Ismaël Gon,abidjan,+22568118071,01/11/1980,user637@example.com
638,Koné N'Da,Bouaké,+22501753703,1998-05-03,user638@example.com
639,Koné Diabaté,Yamoussoukro,+22594337504,1987-02-09,
640,Fanta Kouassi,San-Pédro,+22598728399,1990-05-09,
641,Fatou Bamba,Yamoussoukro,+22524938430,01/02/1996,user641@example.com
642,Dominique Traoré,Abidjan ,+22505664187,26/03/1987,user642@example.com
643,Aïcha Bamba,Daloa,+22504687506,24/09/1973,user643@example.com
644,Koffi Bamba,Daloa,+22561332541,1993-01-30,
645,Ismaël Kaba,Abidjan,+22595431735,2002-05-06,user645@example.com
646,Sylvie Kouassi,Gagnoa,+22597179110,01/07/1966,user646@example.com
647,Mariam Kaba,Bouaké,+22507049611,1995-05-25,user647@example.com
648,Inès N'Da,Abidjan ,+22519639907,23/03/1982,user648@example.com
649,Jean Camara,Odienné,+22507859311,1965-07-21,user649@example.com
650,Hervé Nguessan,Bouaké,+22584567972,1975-11-28,user650@example.com
651,Aïcha Konan,San-Pédro,+22596854982,13/08/1971,user651@example.com
652,Yao Ouattara,Korhogo,+22508920388,2003-07-09,user652@example.com
653,Hervé Diabaté,Odienné,+22531537795,22/03/2003,user653@example.com
654,Ismaël Camara,Bouaké,+22517073033,1985-12-05,user654@example.com
655,Yao Kaba,Abidjan ,+22536205015,1966-05-07,user655@example.com
656,Dominique Diabaté,Odienné,+22595003342,28/10/1974,user656@example.com
657,Yao Gon,Daloa,+22523024102,1981-12-31,user657@example.com
658,Hervé Ouattara,abidjan,+22535528961,1970-04-26,user658@example.com
659,Fatou Kaba,Daloa,+22538655963,1967-01-27,user659@example.com
660,Inès Kaba,Bouaké,+22553042897,1974-05-22,user660@example.com
661,Mariam Konan,Man,+22568578725,17/12/1996,user661@example.com
662,Chantal Bamba,abidjan,+22574969033,08/02/1974,user662@example.com
663,Fanta Diabaté,San-Pédro,+22566925481,1971-01-10,user663@example.com
664,Koné Diabaté,Gagnoa,+22507895677,27/05/1984,user664@example.com
665,Chantal Camara,San-Pédro,+22560273415,12/09/1968,user665@example.com
666,Mariam Kaba,San-Pédro,+22531115083,1979-12-22,user666@example.com
667,Adama Ouattara,Odienné,+22543928404,23/08/1977,user667@example.com
668,Fanta N'Da,Gagnoa,+22507826333,1986-04-14,user668@example.com
669,Dominique Bamba,abidjan,+22551536637,1985-03-09,user669@example.com
670,Fatou Ouattara,Abidjan,+22575536668,11/06/1978,user670@example.com
671,Aïcha Konan,Bouaké,+22559999663,1982-07-11,user671@example.com
672,Hervé Yao,Yamoussoukro,+22559741218,1972-12-20,user672@example.com
673,Chantal Traoré,Bouaké,+22531643348,21/02/1968,
674,Koffi Konan,Korhogo,+22566212867,1998-05-03,user674@example.com
675,Hervé Konan,Daloa,+22546729949,08/02/1974,user675@example.com
676,Koffi Konan,abidjan,+22516938597,23/08/1985,user676@example.com
677,Mariam Ouattara,Odienné,+22575469263,21/01/1973,user677@example.com
678,Mohamed Bamba,Gagnoa,+22516032484,1994-11-27,user678@example.com
679,Hervé Yao,Abidjan ,+22581511856,1985-03-25,user679@example.com
680,Aïcha Yao,Abidjan,+22517656360,25/06/1965,user680@example.com
681,Fatou Camara,Odienné,+22577711837,17/04/1971,user681@example.com
682,Mohamed Konan,Abidjan,+22591241862,1968-06-25,user682@example.com
683,Fatou Yao,Korhogo,+22523083708,1993-10-03,user683@example.com
684,Inès Yao,Abidjan,+22590063353,1973-12-21,
685,Koffi Traoré,Korhogo,+22531312206,1987-12-28,user685@example.com
686,Yao Gon,Odienné,+22539386613,1974-08-04,user686@example.com
687,Mohamed Traoré,Abidjan ,+22550637314,26/02/1994,
688,Hervé N'Da,San-Pédro,+22597189241,29/11/1991,user688@example.com
689,Fanta Tia,Bouaké,+22552571509,31/03/1991,user689@example.com
690,Sylvie Gon,Gagnoa,+22503091436,1998-12-20,user690@example.com
691,Aïcha Konan,Korhogo,+22574326303,15/07/1997,user691@example.com
692,Yao Konan,San-Pédro,+22550864035,1980-05-17,user692@example.com
693,Aïcha Tia,Daloa,+22539685270,25/11/1967,
694,Hervé Traoré,Odienné,+22523212983,1975-08-08,user694@example.com
695,Dominique Ouattara,Bouaké,+22533629344,10/11/1990,user695@example.com
696,Hervé Ouattara,abidjan,+22515662776,01/09/1987,user696@example.com
697,Chantal Traoré,Abidjan ,+22561498282,17/07/1976,user697@example.com
698,Dominique Ouattara,Abidjan ,+22589715273,1971-12-11,
699,Koné Yao,Abidjan ,+22566567491,1983-05-04,user699@example.com
700,Jean N'Da,Gagnoa,+22523645875,1996-03-29,user700@example.com
